<?xml version="1.0" encoding="utf-8"?><?xml-stylesheet type="text/xml" href="/feed.xslt.xml"?><feed xmlns="http://www.w3.org/2005/Atom"><generator uri="http://jekyllrb.com" version="3.3.1">Jekyll</generator><link href="/feed.xml" rel="self" type="application/atom+xml" /><link href="/" rel="alternate" type="text/html" /><updated>2017-03-28T17:42:43-07:00</updated><id>//</id><title type="html">The Coalition for Refugees from Burma</title><subtitle>Coalition for Refugees from Burma (CRB) is a 501(c)(3) non-profit mutual assistance association focused on providing culturally and linguistically appropriate social support services to improve the living conditions and quality of life of refugees resettled in Washington State.
</subtitle><entry><title type="html">Blog Post One!</title><link href="/jekyll/update/2017/02/06/blog-post-four.html" rel="alternate" type="text/html" title="Blog Post One!" /><published>2017-02-06T17:11:47-08:00</published><updated>2017-02-06T17:11:47-08:00</updated><id>/jekyll/update/2017/02/06/blog-post-four</id><content type="html" xml:base="/jekyll/update/2017/02/06/blog-post-four.html">&lt;p&gt;This is just an example blog post. To add new posts, simply add a file in the &lt;code class=&quot;highlighter-rouge&quot;&gt;_posts&lt;/code&gt; directory that follows the convention &lt;code class=&quot;highlighter-rouge&quot;&gt;YYYY-MM-DD-name-of-post.ext&lt;/code&gt; and includes the necessary front matter. Take a look at the source for this post to get an idea about how it works.&lt;/p&gt;

&lt;p&gt;&lt;img src=&quot;/assets/images/Enhanced/Group1.jpg&quot; alt=&quot;Group Photo&quot; class=&quot;img-blog-thumbnail&quot; /&gt;&lt;/p&gt;

&lt;p&gt;Check out the &lt;a href=&quot;http://jekyllrb.com/docs/home&quot;&gt;Jekyll docs&lt;/a&gt; for more info on how to get the most out of Jekyll. File all bugs/feature requests at &lt;a href=&quot;https://github.com/jekyll/jekyll&quot;&gt;Jekyll’s GitHub repo&lt;/a&gt;. If you have questions, you can ask them on &lt;a href=&quot;https://talk.jekyllrb.com/&quot;&gt;Jekyll Talk&lt;/a&gt;.&lt;/p&gt;

&lt;p&gt;Selvage snackwave fixie, viral 3 wolf moon iceland master cleanse locavore. Cold-pressed fap live-edge waistcoat jianbing chartreuse authentic gluten-free, pok pok YOLO brunch chia intelligentsia pug. Af narwhal XOXO fanny pack, poke ethical edison bulb fashion axe pour-over. Dreamcatcher asymmetrical lyft, paleo tote bag truffaut banh mi PBR&amp;amp;B pour-over hoodie kitsch. Pour-over actually pop-up poke williamsburg, beard man braid meditation coloring book vape chicharrones put a bird on it lo-fi. Umami snackwave venmo fashion axe cold-pressed. Marfa wolf actually, lyft yuccie viral bitters beard.&lt;/p&gt;

&lt;p&gt;Umami bitters schlitz franzen, plaid prism direct trade stumptown authentic. XOXO lo-fi selfies, PBR&amp;amp;B echo park chia jean shorts crucifix skateboard plaid tumeric. Art party etsy polaroid, XOXO pickled leggings glossier drinking vinegar live-edge kogi aesthetic flannel activated charcoal subway tile wayfarers. Man braid brooklyn humblebrag iPhone normcore. Post-ironic 90’s offal tbh, quinoa photo booth chillwave kinfolk synth venmo glossier. Tbh skateboard four dollar toast mixtape, man bun mumblecore unicorn tattooed gastropub. Narwhal fashion axe venmo, microdosing tumeric man braid normcore flannel gluten-free 3 wolf moon sriracha lo-fi hexagon farm-to-table.&lt;/p&gt;</content><summary type="html">This is just an example blog post. To add new posts, simply add a file in the _posts directory that follows the convention YYYY-MM-DD-name-of-post.ext and includes the necessary front matter. Take a look at the source for this post to get an idea about how it works.</summary></entry><entry><title type="html">Hipster Blogging</title><link href="/update/2017/02/06/blog-post-three.html" rel="alternate" type="text/html" title="Hipster Blogging" /><published>2017-02-06T17:11:47-08:00</published><updated>2017-02-06T17:11:47-08:00</updated><id>/update/2017/02/06/blog-post-three</id><content type="html" xml:base="/update/2017/02/06/blog-post-three.html">&lt;p&gt;Selvage snackwave fixie, viral 3 wolf moon iceland master cleanse locavore. Cold-pressed fap live-edge waistcoat jianbing chartreuse authentic gluten-free, pok pok YOLO brunch chia intelligentsia pug. Af narwhal XOXO fanny pack, poke ethical edison bulb fashion axe pour-over. Dreamcatcher asymmetrical lyft, paleo tote bag truffaut banh mi PBR&amp;amp;B pour-over hoodie kitsch. Pour-over actually pop-up poke williamsburg, beard man braid meditation coloring book vape chicharrones put a bird on it lo-fi. Umami snackwave venmo fashion axe cold-pressed. Marfa wolf actually, lyft yuccie viral bitters beard.&lt;/p&gt;

&lt;p&gt;Umami bitters schlitz franzen, plaid prism direct trade stumptown authentic. XOXO lo-fi selfies, PBR&amp;amp;B echo park chia jean shorts crucifix skateboard plaid tumeric. Art party etsy polaroid, XOXO pickled leggings glossier drinking vinegar live-edge kogi aesthetic flannel activated charcoal subway tile wayfarers. Man braid brooklyn humblebrag iPhone normcore. Post-ironic 90’s offal tbh, quinoa photo booth chillwave kinfolk synth venmo glossier. Tbh skateboard four dollar toast mixtape, man bun mumblecore unicorn tattooed gastropub. Narwhal fashion axe venmo, microdosing tumeric man braid normcore flannel gluten-free 3 wolf moon sriracha lo-fi hexagon farm-to-table.&lt;/p&gt;

&lt;p&gt;Banjo pitchfork keffiyeh, mustache etsy readymade PBR&amp;amp;B. Flannel cray distillery PBR&amp;amp;B twee. Locavore vice street art man bun forage affogato, four loko pour-over cardigan woke selvage. Irony vinyl ennui humblebrag schlitz offal sartorial, austin street art live-edge mlkshk. Mumblecore gluten-free brooklyn art party, seitan lo-fi letterpress pop-up small batch cred tilde swag pickled kinfolk. Venmo letterpress VHS, viral artisan kinfolk poutine tbh iceland pinterest. Put a bird on it pabst gochujang locavore ethical.&lt;/p&gt;

&lt;p&gt;Hot chicken fashion axe banjo DIY try-hard actually, knausgaard skateboard. Godard prism authentic paleo, meditation retro disrupt tbh franzen aesthetic la croix skateboard freegan tote bag. Slow-carb meditation flannel sriracha lyft. Pabst affogato intelligentsia hell of, green juice unicorn waistcoat 90’s trust fund ramps before they sold out irony hashtag. Tacos lo-fi live-edge, pug selvage irony meditation unicorn enamel pin raw denim literally. Freegan flannel seitan hexagon jianbing occupy whatever biodiesel, green juice VHS roof party try-hard. Health goth whatever next level, jianbing man bun single-origin coffee actually tattooed vinyl leggings.&lt;/p&gt;

&lt;p&gt;&lt;img src=&quot;/assets/images/Enhanced/Group1.jpg&quot; alt=&quot;Group Photo&quot; class=&quot;img-blog-thumbnail&quot; /&gt;&lt;/p&gt;</content><summary type="html">Selvage snackwave fixie, viral 3 wolf moon iceland master cleanse locavore. Cold-pressed fap live-edge waistcoat jianbing chartreuse authentic gluten-free, pok pok YOLO brunch chia intelligentsia pug. Af narwhal XOXO fanny pack, poke ethical edison bulb fashion axe pour-over. Dreamcatcher asymmetrical lyft, paleo tote bag truffaut banh mi PBR&amp;amp;B pour-over hoodie kitsch. Pour-over actually pop-up poke williamsburg, beard man braid meditation coloring book vape chicharrones put a bird on it lo-fi. Umami snackwave venmo fashion axe cold-pressed. Marfa wolf actually, lyft yuccie viral bitters beard.</summary></entry><entry><title type="html">Blog Post Two!</title><link href="/jekyll/update/2017/02/06/blog-post-two.html" rel="alternate" type="text/html" title="Blog Post Two!" /><published>2017-02-06T17:11:47-08:00</published><updated>2017-02-06T17:11:47-08:00</updated><id>/jekyll/update/2017/02/06/blog-post-two</id><content type="html" xml:base="/jekyll/update/2017/02/06/blog-post-two.html">&lt;p&gt;You’ll find this post in your &lt;code class=&quot;highlighter-rouge&quot;&gt;_posts&lt;/code&gt; directory. Go ahead and edit it and re-build the site to see your changes. You can rebuild the site in many different ways, but the most common way is to run &lt;code class=&quot;highlighter-rouge&quot;&gt;jekyll serve&lt;/code&gt;, which launches a web server and auto-regenerates your site when a file is updated.&lt;/p&gt;

&lt;p&gt;&lt;img src=&quot;/assets/images/Enhanced/Group1.jpg&quot; alt=&quot;Group Photo&quot; class=&quot;img-blog-thumbnail&quot; /&gt;&lt;/p&gt;

&lt;p&gt;To add new posts, simply add a file in the &lt;code class=&quot;highlighter-rouge&quot;&gt;_posts&lt;/code&gt; directory that follows the convention &lt;code class=&quot;highlighter-rouge&quot;&gt;YYYY-MM-DD-name-of-post.ext&lt;/code&gt; and includes the necessary front matter. Take a look at the source for this post to get an idea about how it works.&lt;/p&gt;

&lt;p&gt;Jekyll also offers powerful support for code snippets:&lt;/p&gt;

&lt;p&gt;Check out the [Jekyll docs][jekyll-docs] for more info on how to get the most out of Jekyll. File all bugs/feature requests at [Jekyll’s GitHub repo][jekyll-gh]. If you have questions, you can ask them on [Jekyll Talk][jekyll-talk].&lt;/p&gt;</content><summary type="html">You’ll find this post in your _posts directory. Go ahead and edit it and re-build the site to see your changes. You can rebuild the site in many different ways, but the most common way is to run jekyll serve, which launches a web server and auto-regenerates your site when a file is updated.</summary></entry><entry><title type="html">Blog Post One!</title><link href="/jekyll/update/2017/02/06/blog-post-one.html" rel="alternate" type="text/html" title="Blog Post One!" /><published>2017-02-06T17:11:47-08:00</published><updated>2017-02-06T17:11:47-08:00</updated><id>/jekyll/update/2017/02/06/blog-post-one</id><content type="html" xml:base="/jekyll/update/2017/02/06/blog-post-one.html">&lt;p&gt;This is just an example blog post. To add new posts, simply add a file in the &lt;code class=&quot;highlighter-rouge&quot;&gt;_posts&lt;/code&gt; directory that follows the convention &lt;code class=&quot;highlighter-rouge&quot;&gt;YYYY-MM-DD-name-of-post.ext&lt;/code&gt; and includes the necessary front matter. Take a look at the source for this post to get an idea about how it works.&lt;/p&gt;

&lt;p&gt;&lt;img src=&quot;/assets/images/Enhanced/Group1.jpg&quot; alt=&quot;Group Photo&quot; class=&quot;img-blog-thumbnail&quot; /&gt;&lt;/p&gt;

&lt;p&gt;Check out the &lt;a href=&quot;http://jekyllrb.com/docs/home&quot;&gt;Jekyll docs&lt;/a&gt; for more info on how to get the most out of Jekyll. File all bugs/feature requests at &lt;a href=&quot;https://github.com/jekyll/jekyll&quot;&gt;Jekyll’s GitHub repo&lt;/a&gt;. If you have questions, you can ask them on &lt;a href=&quot;https://talk.jekyllrb.com/&quot;&gt;Jekyll Talk&lt;/a&gt;.&lt;/p&gt;

&lt;p&gt;Selvage snackwave fixie, viral 3 wolf moon iceland master cleanse locavore. Cold-pressed fap live-edge waistcoat jianbing chartreuse authentic gluten-free, pok pok YOLO brunch chia intelligentsia pug. Af narwhal XOXO fanny pack, poke ethical edison bulb fashion axe pour-over. Dreamcatcher asymmetrical lyft, paleo tote bag truffaut banh mi PBR&amp;amp;B pour-over hoodie kitsch. Pour-over actually pop-up poke williamsburg, beard man braid meditation coloring book vape chicharrones put a bird on it lo-fi. Umami snackwave venmo fashion axe cold-pressed. Marfa wolf actually, lyft yuccie viral bitters beard.&lt;/p&gt;

&lt;p&gt;Umami bitters schlitz franzen, plaid prism direct trade stumptown authentic. XOXO lo-fi selfies, PBR&amp;amp;B echo park chia jean shorts crucifix skateboard plaid tumeric. Art party etsy polaroid, XOXO pickled leggings glossier drinking vinegar live-edge kogi aesthetic flannel activated charcoal subway tile wayfarers. Man braid brooklyn humblebrag iPhone normcore. Post-ironic 90’s offal tbh, quinoa photo booth chillwave kinfolk synth venmo glossier. Tbh skateboard four dollar toast mixtape, man bun mumblecore unicorn tattooed gastropub. Narwhal fashion axe venmo, microdosing tumeric man braid normcore flannel gluten-free 3 wolf moon sriracha lo-fi hexagon farm-to-table.&lt;/p&gt;</content><summary type="html">This is just an example blog post. To add new posts, simply add a file in the _posts directory that follows the convention YYYY-MM-DD-name-of-post.ext and includes the necessary front matter. Take a look at the source for this post to get an idea about how it works.</summary></entry></feed>
